"grid","q10","q15","q20","q25","q30","q35","q40","q45","q50","q55","q60","q65","q70","q75","q80","q85","q90"
0,27.8163209890002,57.4152254504859,80.023790931859,106.188822801101,139.407024186149,156.92714929756,82.3051448891077,188.892940150754,44.079131271135,51.2388092659002,50.5446918877019,175.769841330356,174.043445217401,153.668565999078,117.778541556119,71.4825246111783,39.6075674182139
100,25.3956347785007,51.8435820207353,72.2342888203888,103.473998732837,137.74587235835,153.270379628041,138.078539311722,98.891379584138,169.086591361958,95.2524049246056,46.9179064392172,170.766983355093,167.373925488467,135.898578416282,109.734138235058,69.2644419034309,42.1397610759906
200,24.5010754455467,48.0700598718032,65.4763376001271,97.8836891378614,138.454244452568,136.561688101816,82.5381611852998,128.659671070303,170.410296114633,43.6888213118265,176.904959677851,169.239832844582,112.044239826448,146.123425148385,95.3291832251475,70.5286563137533,35.9070356185701
300,24.3696617420191,45.550621062539,57.0126188225,91.3475075077635,136.892513407444,127.642416913921,85.595447287415,123.578277267966,46.1343865481353,164.672198721867,168.456779531742,58.3019661730945,164.499647688946,143.685219652842,111.926216182764,66.3869955234564,38.3665174368876
400,24.1864182352698,44.7132220839326,59.0936965594771,94.4531843118746,122.124856600162,123.987559697428,156.539763280691,58.4247647188713,45.2537431193677,155.88247497193,38.0384373721053,160.465393553622,95.232986172224,124.614706903043,104.683875653714,70.165087161773,38.208662097704
500,21.050353074649,40.5668364147896,51.24677355649,90.3152085894274,113.869509282478,121.139215995462,90.2107600268622,56.1139119042793,65.4001156738003,157.397633027104,35.2306517830078,36.5133910811871,152.399714130918,125.496239925985,94.6724369830705,71.8019417481528,37.3194416414737
600,18.4261452476007,34.2950341517133,50.6551901716285,81.5348363716718,105.744601665318,115.123668682607,101.904698150104,147.458689804624,41.7992711839141,148.830247525664,153.322325148871,154.451906397493,150.737917167322,136.779552820188,93.6713597322769,64.2397674285156,26.6764330167812
700,22.3434569823993,31.5113761546769,45.4803342185862,81.7507915095593,103.856932870973,114.236497473989,59.1876408439058,145.531321411647,40.0635810156455,30.8600232350251,33.0738425155193,38.9367618493634,149.244671046913,117.928608736944,107.462874938315,62.2641241895673,38.2542596604174
800,18.7691673881337,33.8791629854122,45.6574748591451,72.0043883830444,90.9681482603323,107.647081369539,110.009050925265,140.515677077484,37.4865308145838,139.175615884605,147.138855254214,141.975891641948,147.457834836468,113.124067610848,102.085024795838,59.2340743053653,37.8892320041811
900,15.29547254062,29.5047396668052,42.5669377319535,63.1320885280624,86.9311694281748,88.812455546757,72.2317430826339,128.384057710239,127.382099946869,129.52298915379,23.3425127022793,32.8418386946451,138.967174491517,105.152779245568,105.2165271989,58.2264828396428,36.3223367342586
1000,16.5566508370345,26.5274772524217,37.2623409353136,56.0908047769624,87.4187959147791,66.8306739229829,113.214352149538,41.3245445990751,128.158721689722,127.717918029005,137.526095203044,138.874096009574,143.298201057229,118.91440329167,96.8395337407434,63.873727641221,33.9777744881553
1100,13.0250733087359,23.3634924693615,33.1748296699606,56.52534641972,76.1329395499762,104.523323596876,58.7931701159053,60.4063014083435,125.276010891138,131.052563189395,135.778177795984,33.0669275791405,133.317915605364,98.7866413989313,76.1897388115473,59.6539976253983,32.6325601377847
1200,12.8889953912457,26.3923495536494,31.1154942562819,49.0079743135722,71.4740519473311,85.3640583105964,97.3708279933551,110.908943417773,35.380672674647,122.818893330836,126.250360088976,126.627690699104,128.641406014667,102.513460160916,96.9201928327704,59.6553516056817,36.0045554449202
1300,11.7518432265107,18.6217716583488,25.6715576627435,52.9537330593207,71.9100359653649,74.3324283382457,70.0481542416438,83.3479739218158,120.19046665316,115.978691060872,24.4936801332237,121.184059749011,53.7606246981944,103.420539152423,89.4405577554961,55.6399369829845,21.6932587036964
1400,9.44666590422769,16.770048658144,25.1240114308125,46.2227443051667,69.5326255072364,62.6047694419772,23.4870902106612,56.3868735260473,32.2634426046314,33.3254764674833,23.9786987144436,26.2625143823443,58.8740066282789,116.913622531129,89.7217480038619,44.0411993774167,23.6767278539314
1500,7.9791232030709,16.7322955107531,22.465359859759,41.6149137613076,60.830770209117,66.4386853794118,83.9219105661963,100.852910255203,106.090326622115,32.4093971561242,119.953830179943,114.684983579906,56.0927317045583,103.973473904394,90.6001175201796,52.5098356719561,29.282558490206
1600,5.6592247827477,15.4166463714183,22.2065644726434,39.7097264119684,57.6083159942316,80.372555465675,47.0664188064662,99.256421807524,31.9160330837479,107.280913734717,21.8804462348922,24.2018262040824,41.4087209275478,69.9237339129671,79.6329324716823,52.7561237842012,27.2471661405653
1700,5.61701396896156,13.2138889614103,17.8018225039051,35.6425598843541,49.8498202950394,69.5315215624079,34.5757875647985,56.6674590861425,104.23373460871,27.4128461708684,116.723626299594,48.8160220749988,121.829330368306,93.2538861223361,84.5111221540846,49.0667668054992,30.2620529716297
1800,3.55394621098023,10.111328133771,14.6364375496422,29.4088812938578,49.2710083340541,54.2932383426723,67.9650669525256,96.3587519185536,98.3396459007268,95.8842896030331,114.713979957848,98.9963942740914,113.831631548277,98.4538942409306,75.1384931636512,51.3711669134332,33.1238024789976
1900,2.33950087209938,8.60243052234112,12.4416389132357,28.5942305164068,44.3079472637756,53.9122252531688,42.0060927977094,28.2388714405295,23.387074441227,53.3161780272189,109.210317283811,100.455185092958,112.839979355608,88.0695344702242,75.3295270270675,50.2208062000454,29.7097549459709
2000,2.92538625206532,8.98791616116177,10.673031742363,26.3551234364185,36.3718245445889,46.8689086689625,65.7829380380669,46.8375880458407,89.63802450044,27.1395207528665,107.779878368515,95.1405204753738,110.673469195242,93.9203980147319,76.7927298379804,55.7358165727172,20.7421237687426
2100,1.7270826179529,4.79863581409441,7.72960902814053,23.9717144080991,34.509853159397,42.8241120914126,31.3589954484446,44.8867131044113,25.1303887038176,23.5567256849034,103.334442062769,94.2946243199629,107.242617519422,85.1925982136962,62.9555174702779,47.2192317290035,26.6025977841733
2200,1.03884912323639,4.11980390270043,7.9264213172381,17.4995465779492,31.1967944011594,43.0293050875467,15.7102027841828,81.5930527967578,78.9938886755516,84.4230612437105,99.7307912321347,20.2709105725862,87.8238437256997,78.019191634538,71.9136024612092,36.7329288023598,25.6131801633607
2300,1.03714821140502,4.57703379068561,6.23513841271359,16.1981800063933,28.2016678584868,30.9863844188564,25.8255413550351,28.7948811739211,25.4368463864704,20.4426336429179,16.8036510103075,23.7262055243913,32.4192134405197,62.6915876995568,74.908267513282,32.7467956151846,18.4343389621244
2400,0.907499912431007,3.49272009105521,3.57709789220988,13.5168565391142,23.5346852977598,37.968383985459,51.9017577874465,70.1603213665236,36.1494767199928,22.2819582849672,87.8679671790885,82.2687319490878,38.6694072625174,82.3565027454723,70.6038755921769,42.4281415215989,23.9159633945575
2500,0.583517200661241,2.33893531701395,2.29167952458582,11.7317826711918,20.3812092965806,25.5386619384543,49.1985480050376,41.6987033303682,36.6299778779823,16.6952564369791,15.0372088234387,17.1141540169751,99.4215159604419,80.9140081789567,57.7999319556952,28.7713601989365,24.5238040026255
2600,0.0798502947221312,1.30895960117536,3.12352123440333,9.5124312194603,21.1799590102142,31.1106845874258,47.6504168320981,61.6934226298708,64.827924391666,70.093334640166,19.9010489415219,81.6366355105803,21.1769504703955,74.9379723785742,53.1479196283593,42.9180590320139,17.4187469803501
2700,0.0700908963120679,0.660311009232672,1.44124312546097,7.08162479530491,16.9707445741853,28.1197447155971,33.9832384440146,61.9457257725039,20.5375804143311,66.4580079630064,17.7326609997084,18.4337862627923,57.6748489890825,77.3547428364452,61.6220596317499,36.0751243037387,17.6728531424727
2800,0.0795614851395122,0.146552040416976,1.0688623126174,5.98445445810466,14.1562651510044,28.9301436496251,22.6031416574945,40.8288738549606,34.4911072371624,63.0655597713672,78.0466747552768,76.8989669710314,82.9414442958548,56.866660935702,56.1728278129749,42.6375436102514,22.1273953084077
2900,0.0762942839612003,0.0096348752769248,0.667501155465634,5.57399386758174,13.8861647865303,23.3018642686524,39.7279320031304,56.8373678874294,59.2774467739619,18.3858405312828,14.9603689865675,72.77703683395,17.6109552077496,72.2207869716987,48.7608368793222,32.9004844023377,21.3981127435119
3000,0.22478623289159,0.0756284342222009,0.328122370677534,5.13616245470184,12.4875190332087,25.1758533968929,37.6050022262785,14.5132386828404,19.0665502828266,19.6739647437134,14.458028347808,69.1512755839017,21.5433074702904,56.5014847243626,48.8419474016969,30.9625595573229,20.6213158093696
3100,0.714202672551415,0.0755987200580653,0.396370935101847,2.68753230323648,9.85084601465359,15.3996962450765,21.314235030665,50.725050412034,54.2138420796176,18.3298443325419,71.73459868702,72.0757429267078,83.7159382557424,37.5801125902672,48.8175884692316,35.8790071129558,17.9301120842
3200,0.925482973213061,0.0767693693650397,0.0165384135904214,2.48733794789879,9.69358470197388,22.3516425155287,28.0742093244081,13.1461896072472,50.3437844069342,47.0971778295393,18.9278798952116,15.8969202775999,55.7788560078449,35.5753984271279,52.6248263315781,32.316010482001,15.7363749804771
3300,2.45716298979,1.14909864312815,0.114686993669394,1.27950173795662,7.059503511132,21.0548994976937,32.6379962554484,43.3103387687625,48.8383911966431,16.1644736230106,65.6227319195285,64.8284955897368,79.4759402568837,67.2743700642658,51.0399178032063,34.5635670249288,18.054945819705
3400,1.56811379273777,1.34807318617073,0.0230094894932592,0.884242851221595,7.43315153207917,16.6303327596143,29.7103225478876,41.8358490568792,21.909921055522,15.782692786605,65.1075299094071,62.0955676777367,25.3555340704465,64.6426471173057,47.7673337130521,28.4279370297268,20.2235411648726
3500,2.87015621815317,2.01045405212563,0.0198294916149188,0.550919308104047,5.00915463599829,17.9593335222763,25.8063338374463,39.1441074625851,42.9919452464089,41.201817422431,60.209802247621,61.5059713212077,26.6862190454762,32.2622437573058,44.8587506811511,28.7836326147553,16.1341751032632
3600,4.68094206450695,2.93284365939549,0.308284646776821,0.139128499599956,4.42366672714923,15.800259594438,23.8380259367907,35.5906046648827,18.0031910044681,40.6756071775436,49.1847373572039,25.3572474567055,23.2310686706075,39.7953000945392,45.1580937800302,33.1826757813029,19.0354594189004
3700,7.1704046235037,3.42178704234873,1.42643035918068,2.57227448708725e-05,3.05659491590736,14.1199547681695,13.7601780973317,34.9409253600211,13.6729442841667,17.7141672491836,57.6029402032004,55.6388779348795,62.6013446840739,33.3152495768402,50.4885511289726,31.9531738961884,16.1778634120058
3800,4.77352949444882,4.87737928664144,1.74746612331481,0.0109400828342227,3.24320733209445,12.4398614230131,20.9289331065472,14.0646200489128,39.0107614968236,14.9039737980241,16.1212516716281,19.1356754720241,71.2762680108671,39.663548422893,44.2139267237311,27.892433894319,18.0474743799927
3900,7.83861218250154,5.93757378825954,1.65344420720284,0.145380519291966,1.1324956209047,9.56843106323698,19.5889847236239,28.0954593764839,15.8942162955919,34.6065441999,55.4075896164823,25.4341120823298,53.402526301799,22.5546383292384,45.0012331774997,27.0965113361318,16.7404080519079
4000,8.15052431945911,7.29019207253358,2.39855526060679,0.437616295780137,1.07349183724848,11.2798929527329,15.1177110016298,26.6679074642498,32.7594980234119,31.046292569493,12.2372235748968,17.5001656643326,22.7261333828263,26.0430239904536,43.5556730323273,26.8025342307128,14.5630824563583
4100,10.2830533436846,8.26003582313363,3.11020201179969,0.746159290939564,0.393541772073348,6.88705100971676,10.8518938475825,13.123494320399,33.5029093327412,31.2695078520798,14.4507788561221,50.0467369472702,66.2691218353798,53.3162425339436,41.3116348934977,27.4676437791691,12.7858182417708
4200,13.8151483808588,8.54834266829817,4.23584156179849,1.83306634294735,0.407361266300161,7.80146038972837,11.7325637753588,23.1963797768698,28.4872554162239,26.9715873757767,11.3064707864303,47.9317614640248,21.3440475910219,24.6691680716809,43.4501854380862,26.925326333632,16.1607501840655
4300,16.7120865974052,10.0730846450954,5.78022867356307,2.48026325542039,0.0613312517615926,7.42209882337994,12.5944810021966,18.7832371959142,15.5936429266092,28.2001799784126,10.7595229725496,47.9129551159131,28.8571170950027,52.9471782884779,44.6599887035706,26.2106750114803,12.993274992208
4400,15.2362043466751,12.0560975363619,6.31078792559404,2.03454167928472,0.0219816560436096,5.54592827964066,13.1473788959408,18.281728644433,12.3546124325871,24.8573413512185,45.4076902931373,45.2172414854063,60.5322191449959,47.7437265815355,38.1136576208631,24.7833855758195,14.3747445610177
4500,17.7445807750403,14.2886821314214,6.80290551287504,3.03832651382369,0.00449130117093233,4.46210690865004,2.84194087448632,17.0727313087188,25.1189889769166,18.8517541443321,39.3023659548221,15.9729886146116,22.9005174729207,49.3464377284507,32.6419617053137,23.5681582277751,15.2832895027123
4600,19.820197846996,15.5794762693486,7.65037427619448,2.89605330641672,0.0644137140198911,3.72543376202676,8.92037210509099,18.2403462018882,22.1320635269637,11.1000815094087,38.27016940301,17.0289840520872,38.9999793514341,48.1807848581787,33.142724819508,22.041724428287,12.9414001155392
4700,21.7094568594665,17.1392903696447,15.1846042456542,4.05226587311517,0.432054434851891,2.77766224529251,6.71371358039908,13.6625265458871,7.40929543494179,11.553449695068,38.6184238007215,43.9370037790672,14.322144315707,24.3149636872236,30.8755995226416,23.3902260460559,13.1180795170042
4800,20.9546290336928,16.6972451233732,12.3048351412392,5.1028840126195,1.1326856945099,1.54404586032594,6.57016751374411,12.1950470223094,18.8159340776247,20.6215930392753,33.5803385767649,41.6456675805774,49.839845251658,24.1017711153972,30.2194971237246,25.1309818092207,15.9394124178293
4900,22.9890171492062,20.4898070833407,13.7128828682246,5.56020064373558,0.596186918768888,1.32471520568654,4.92471655830405,14.2442901299459,11.6142109838401,15.2504775843867,16.5876589313958,35.0382768085266,50.2467020126389,20.7381241188816,29.992291663022,23.1648809543749,8.49474099513483
5000,26.4585440224299,23.0996217721802,15.5475214162078,6.79954700769547,0.878224988883668,0.916662627140016,3.95736790874671,10.2929028391488,15.4894703532567,17.325189961477,30.8375501206501,34.6179839874329,47.2171009070956,11.6532813472409,31.7251002071653,23.7397283106368,9.11519497254614
5100,27.6124548106801,25.1826121903084,15.8021273560708,7.31884019821491,1.77214271567481,0.0831846313323926,4.08908890198022,10.1550617448834,9.89138611742162,10.5748724349207,13.03677671826,32.2956495499702,39.7510446642859,39.8007549093694,30.9815253628721,22.8268320884041,11.0373037757858
5200,29.9534233623107,25.9000261133901,17.346494731,9.58146888282257,2.66063542033495,0.00506787033580336,3.29078325324034,2.77674544243476,10.1061516756321,15.2302836758633,10.6384114567444,33.3139622056112,45.8653869632651,19.5287964022793,27.9723782550343,20.0210004131334,12.1340038056629
5300,30.6328823283594,27.1236910066485,20.6392646074371,11.3678887599565,3.7049334784297,0.0402773715468066,2.30348523592413,7.44072654957849,9.73343475562993,12.8757617441211,28.9711982723888,33.7996561941151,37.30587996966,15.9766096688638,32.115056997645,18.8153227509367,9.97925536516916
5400,33.319921862233,30.8383218873343,19.4473145320422,12.5474144811075,2.99066556324493,0.401432393459238,3.11509936683295,7.79655775976076,9.92125173188891,14.5730584663976,25.8112913190083,27.7100703650174,27.1082687685779,28.9332991883568,19.5225549660575,20.6131030053685,8.95245817337406
5500,35.7541560334307,36.7729773212096,19.9955268013763,12.7895239031548,5.32693271289521,0.777677138744191,1.24565897314058,6.31930529317679,10.8963487498212,11.7672429456716,25.8328581151667,28.8539330067511,11.3500201367477,19.3248991456649,16.1256244004277,14.2467755583654,13.3492837761855
5600,38.6187475452838,38.9576509841886,24.5392031581807,17.433508019288,6.10442737434276,1.00731230714315,0.892804131486447,6.19599827461724,12.2095990049172,8.74128667074806,14.0503413805237,25.85977722066,35.3887398391483,32.8729656937275,29.8027251233338,18.8074276132237,10.6157226464166
5700,42.959782390923,41.3663911899076,35.5184569289879,18.1631953831038,6.17105517405475,0.907550302117678,1.38803293458366,4.36264259327552,7.99374515331893,7.18474979602792,10.8367031414523,17.1017525153127,24.566656537799,36.2903986311016,16.2144576701115,18.5638612194565,11.0470476965824
5800,48.0233664161493,44.3348389474206,27.6036521683697,18.9513918026257,7.4467479616815,1.35590810260382,0.367376643195659,3.19059161579247,7.3707864195158,9.5997918974362,20.771239771995,24.2649760897252,31.4083192478335,16.2467665279283,28.4715964984125,17.010800269945,9.09654392374929
5900,42.9908009860392,46.5982570150801,35.5373633826427,20.6154863240359,9.15265399349613,2.03674902325369,0.406371281599496,1.517047833757,6.23678157798057,9.76734114656515,18.9101884183285,23.7767311354575,30.6419082287695,22.6612669906474,17.7260171200232,19.3315804230735,7.7129369878463
6000,45.5391105060213,51.5805305395198,40.6845507935794,21.2237924676875,10.7589152767996,1.86859927293415,0.308238562875625,2.37873869698758,6.10776146170923,8.4352169730291,18.9351320963099,20.38709725839,30.362385284346,29.7742137712789,27.9267394725566,15.36285468389,6.92776282894721
6100,47.6459028635027,52.665258547052,35.8132622035606,24.5474525140259,12.0025844832755,2.65234357254597,0.0193979302457277,2.5421597477929,4.81855650814137,8.04764995418711,15.3969467937836,22.8428527267127,22.9197061711788,28.5827126500451,22.9011824935685,15.1747863721284,11.2168723989689
6200,54.874276631661,62.1745315160925,37.437720189608,29.078829654478,12.6850074000182,3.87610765800362,0.00552686523495043,1.54824778049434,4.91926269934425,6.46721925344404,10.4986200968989,19.2916899535284,27.2407787537093,29.7229345378589,10.5314152434045,12.6818526199006,11.8889146055123
6300,56.6290272211579,60.7772958710911,41.3425746369714,30.695070842953,14.1353462499934,3.84074432297752,0.0828992043947733,1.07506243504967,2.9926454999183,7.86069011499636,15.6022479368601,19.0235645726958,28.614446105402,21.0275546975768,19.2373703888602,14.1954145350874,8.01371855176762
6400,60.6809606588175,66.5926252760161,41.6894949541524,32.6892514288299,15.626729363134,4.40223108305689,0.266467792882477,0.666550078174575,3.02362164887845,4.95945840861532,14.3453484842847,19.0761077311848,28.0560867358835,19.9504772359737,19.4057993750199,12.9301284662981,8.11290368069727
6500,66.8217967972142,73.776316099566,44.7147974934518,34.9002222455215,18.5283180687574,6.51394641219072,0.219087072301265,0.586827912365924,3.92049640084071,5.64389936603589,9.25367874553442,14.7048946114293,27.8284727965317,21.0818782735982,19.0291725291951,12.7998385370124,7.59888264529723
6600,68.1577470014397,75.2319815690897,46.8322983041062,40.2384787768426,19.5644715713517,6.85622181377626,0.42403737947937,0.34504745602591,1.98815038051491,6.02622427016128,12.3399376177164,15.3798637744888,23.6071659075466,23.7455944094908,20.202700293055,13.3441705642185,6.93653956481149
6700,71.1746523019784,74.775860019334,58.0435123759709,42.4098120706271,18.5921479856768,7.6062206213574,0.700374261714237,0.281783340669485,1.84834606156154,2.98966311256914,3.01402053995783,14.6544814527852,18.5047865084947,24.1178138029495,18.7178989419258,11.3055813108867,6.85347851913967
6800,69.4119454454431,76.7886401320033,53.1061389722133,42.4736462759336,21.381533885699,8.13817252067665,1.01715839396109,0.0156906035126674,1.81080866423699,3.90809588121154,6.93619583738569,15.1719805551106,22.5547698640537,20.9541371769255,19.6415008139603,9.15617417751361,8.58864087867236
6900,78.3053260664113,82.7295561084146,60.0245213972586,45.9809882891505,22.6968644311249,9.50388045568324,0.446442738510452,0.0173079074284549,0.721635724245627,2.64117749992888,10.6664156418654,12.0111785267439,22.9437861830718,21.5819869443429,9.16645702793124,14.1379747789085,8.87731650674985
7000,79.7081655649341,85.2159696147382,57.9596221319179,49.0032607719714,26.1419615078179,12.5297012231998,0.206996948107969,0.0103757754474838,0.653274110629479,1.44748230158034,8.11538838495815,12.5026477743009,21.2778311208595,21.0444572279235,16.0029561293001,11.5832379571867,9.5484761799608
7100,85.2249824563665,82.9370774476845,64.5140366548321,51.1973575962705,28.1885785062731,14.2751238064561,0.281115430303272,0.0379150795214781,1e+09,1.91486636493324,4.95839677281573,11.6283209093935,20.2229136854316,17.4073598898538,17.2828007952581,10.5709550022521,7.12608577873456
7200,87.3110195341604,91.7796102956814,74.8725100925569,54.0710506116413,29.4929284423392,13.1855322368879,0.234339425887246,0.173093607491934,0.568878361467102,1.74997596135865,3.62524224126173,11.4428849358888,17.4276369638298,16.8885691232251,17.3693526471543,9.06784580911237,9.67455850646622
7300,92.0662696564802,93.362727533923,69.5695182113,51.3618045081412,31.3717517429833,0.360252573541977,0.0657446433076959,0.493769595454701,0.142735423936088,0.648591410185912,7.45746840912702,3.4333003229526,16.5694146637878,18.2655741556121,14.9908530012862,8.02122700736806,9.64586434130162
7400,97.9467890129205,95.6018709968872,72.6490349719011,57.4415225778392,32.6905467664628,0.513897272592256,0.0393953840332837,0.787764527420498,0.117412929897837,1.03417596600611,5.39933185414227,10.3512422295969,15.326313950779,15.7039282829397,12.4211317143599,9.54570205510969,9.02942931009817
7500,98.4272919783715,105.754053854976,73.773570525645,60.3463736519838,36.6359184047174,0.660764477650198,0.0981010912582052,0.708772567332908,0.0454724881235201,0.407915175875101,3.79081847064982,10.3148722157839,14.617005793453,14.4624694108729,12.9807236291604,11.9582017449028,5.97371487222423
7600,106.238090105576,109.022716619175,80.3189018580693,59.536884948701,36.7093541559851,21.0134446406909,0.25535327756231,0.0172202672004991,0.00141276148510148,0.543163674114425,4.36351848314854,8.93732522438601,10.5101220447951,15.9693669417755,12.8463534645935,8.86274886533107,4.09829997320041
7700,111.874221222302,104.241872378931,80.8061871929589,61.2037489046479,39.2375215632462,1.04460028865554,0.00148943928681359,0.562825344239421,0.101999781812662,0.289611626342199,4.30252252934693,7.88377788010129,11.618189199969,5.1792141488045,7.68263767881326,7.13675934782282,6.22647130859457
7800,109.694480562639,111.861799932159,85.238452185576,61.8325946479235,0.63152066343467,1.30210862489609,0.000794249894356019,1.34950038878239,0.0691420721393254,0.15223869055959,1.8068453218322,2.93562987356423,11.8308792897334,11.9280591636149,13.5560918985699,7.85941966246098,6.89772906626673
7900,110.114863971995,119.924766241767,92.6826926396606,73.813231247178,0.766122581022427,1.39463419595079,1.15324672417681,0.381174802616896,0.909293494384924,0.00375223859493421,3.21975787136267,8.31884761595071,11.8635191645197,12.9518488682423,10.1605431770124,8.20596009954594,6.32812771050539
8000,107.698719300974,121.531359105791,96.5918570708083,67.3907681678504,0.777299991524929,1.42817240307358,6.89252072369167e-08,0.00597615558308409,0.368553845656567,0.0579260647963888,2.24439254909393,7.96218727553194,12.0839794196705,11.3497178883418,5.88994227476088,7.7112136763623,5.15432027664482
8100,117.31620265331,122.215668416637,100.648468925975,71.2168773693758,1.99833276677787,1.66046325258991,8.7224489081067,0.119165185527257,0.153304053876834,0.172245859609457,1.77370722701187,6.14822448612825,11.3743108234727,9.8366303997694,7.94503173436314,5.65190776544128,5.46283474099365
8200,118.736786363671,131.789229096688,99.9444428113583,75.6521096256501,1.10948759544506,30.8139947947136,0.000793813780566155,0.0771913722360346,0.692329919709157,0.0715023917271243,1.49515267221749,7.08736558412726,7.01819265096689,10.8889623051007,7.85576209076086,9.15124640756449,4.74013632146676
8300,121.286380442264,132.14646982099,102.222476736522,75.2579482455297,2.33920938204099,0.605997812173254,0.0302926030553323,0.0524374916191307,1.18803585499841,2.73534570235176e-08,1.50572333721254,5.52542233576936,7.0497215114186,10.1408948167257,4.97532474991077,6.39186205767852,5.18496324092165
8400,117.198800078372,140.395719456158,111.346480452871,78.4840134332734,1.35966591311408,2.11841613003081,11.2940909116631,0.0344790571824051,2.08448487558359,0.164518021915877,0.652885525769806,4.95778907002613,6.74978728146813,9.3526080495804,10.3632269290569,5.33351891950549,4.82830043211619
8500,126.971147537861,145.623675668903,114.00362550152,8.48068114114272,2.91323729293916,2.27410145283643,12.670814403958,0.364158664207762,2.19774158643443,0.708895870095175,0.816340124181861,5.46504000641981,4.62314971491286,9.68373184000338,4.8209550328668,7.06375350191676,5.43560444737736
8600,129.927850022507,150.484883871752,112.698542564983,9.22290270721297,1.65793114420506,0.285721335329946,14.1491172422743,0.00230220987459085,1.60746212115152,0.324903769904359,0.77955181761964,4.86086615732446,5.82948302194192,5.58599629506514,7.00979527015902,5.69537680594476,4.16491353893995
8700,128.345084274891,162.211107208837,125.063922774335,4.33079940348127,63.575195242919,1.06581576822385,13.5279534640451,6.34930136377925,0.458655873793493,0.636400370608596,0.583068133159038,2.62101304983502,3.3565634237568,3.90767464757191,4.53758173165556,5.76965175896514,4.0183536563348
8800,132.691385098655,154.352455110869,117.398625669847,4.59563610686048,3.71683597781311,3.42625865018286,17.7570561035408,6.96637580998373,2.65792216695032,0.411678438589309,0.174006342224457,3.37179904302252,4.47619599736081,6.37935518761619,8.1763006516473,6.12419645831722,3.9866081242971
8900,136.82787662851,157.551254583914,120.458751725626,9.99033971548995,4.4230657337644,44.0204269569353,16.2659400315202,0.953211105518609,0.309227331771341,0.067948763131227,0.117847699999385,3.60683792053426,6.95364292827736,7.40123820941918,7.20280801920874,4.39254356940101,5.02617109940054
9000,140.574725844598,165.155017299703,131.111518542361,10.7854613641853,70.4150442589518,4.23296015708527,0.628396777253713,8.17650542394795,0.362916326606664,0.614486269954998,0.227045840992029,1.85940808025706,5.40985044284069,5.58520166463376,7.34238352638081,5.24554648068392,3.81139121122279
9100,143.545472825566,169.147190839253,134.365069582889,5.26248717938698,2.50921957103009,5.53532711611845,2.68126503076308,0.107599540172565,3.6172936783795,0.723916179393538,0.133677093490829,2.56763471932179,3.28241865559673,5.40569369586243,5.88769838878978,5.85766874406716,6.02077839904814
9200,150.095430827451,160.774904675931,137.318653840662,96.4480641119758,5.06225547907983,5.36349303214104,0.950454347771429,11.228586238229,0.223373485462048,0.162856486137375,0.013589520795425,1.21862781731742,1.82909172588731,5.9566390924666,6.43568625087993,4.79090985320049,4.44991219342859
9300,149.739236307262,169.404022264518,144.319548662746,6.16698683897972,80.8891997826459,49.3239340367405,1.00485844878569,11.9141790316358,0.118768549249792,0.119692131024949,0.00169190834294202,1.03890379970914,3.03217849240652,5.31659402100412,5.48634115873156,5.64688934831309,2.83327234684704
9400,155.910505515467,175.60666976855,145.850712612511,109.451779750571,5.85332467199091,5.81990493596984,0.152162174725965,12.618379057774,4.42052579644151,2.68027600614369,0.0159056391426637,1.06854148584528,4.08561268947508,4.31658620388638,4.85993707734216,5.01842026319209,4.82173383932343
9500,167.481363365945,181.386917975705,147.110271929537,115.819322636991,3.60650142276547,0.893033090060693,1.75924706678249,14.1548040985943,4.11369366456107,2.9639301976803,0.189114988196577,0.438059464390617,2.31760429009504,4.78927450666105,3.86780099860662,5.52491616778976,2.59396797095422
9600,171.263121958202,183.926228425892,157.370309012573,13.7434650631795,6.19398929546715,6.78993903423796,0.629343603843101,0.508966398777566,0.0395162719437954,0.397359153982833,0.19923269741762,0.353257693242945,3.4642498847867,3.80417126441953,5.32544342568177,3.4669930015394,2.52820621865267
9700,169.789656304354,187.115279707762,12.4022136491833,6.83666747044854,6.79763130348062,7.65655578322477,3.55148118158663,16.313539680295,0.0852610669058954,0.27874121602628,0.247322837255238,0.353629399561138,1.57318690910249,4.0116842929656,4.36689641496572,3.61347508112489,2.41525327992327
9800,173.02875845763,188.482583441118,159.091876502967,14.621821856113,7.1305257602356,8.35109794880487,33.5926532573683,3.9565363520951,0.0140911176219543,0.258205560693971,0.387157783862019,0.157097601010035,1.10029850637871,3.23983011807192,3.31290519250122,2.91556916188159,2.94835291664371
9900,171.245985394832,189.35242576898,165.702326463207,7.81872849951774,7.39674030357829,8.99659754845239,5.10566778257934,0.768247109566646,7.54801266479806,0.11118174938412,0.307266405890564,0.0460728630785558,2.83446865084997,3.37141618820404,3.38036357527437,1e+09,2.8722337567265
10000,180.123294591513,186.574543288618,13.6424999825605,129.781075744115,4.97636559546523,11.6582995980909,3.51172588672534,1.11923473207555,0.0114934254262264,0.200211462894276,0.923965407311202,0.00475233065986411,1.25106973148841,4.29770478135451,2.69496556755257,3.6763766038689,2.57989056745085
10100,180.465881377701,191.911879398182,167.674333870566,8.63181751034687,4.85428665127863,11.2347111635054,2.07339600001034,1.43454671100052,0.0588367941495164,0.184878310208363,0.83094790689822,0.0646492547178536,2.30422173943096,2.66008723686747,3.13525566860825,3.22567321296551,2.53562340070566
10200,183.159356301339,193.122177050784,169.399708818552,18.3822328638712,103.442804292458,12.1329374283505,4.56396231613114,1.83450944262452,0.0379675118818846,7.56585055752931,0.925933859045217,0.0423475034246452,1.43586931776811,3.73847269614991,2.88175077958811,2.25678227331441,2.66141693614559
10300,194.113261895995,196.80935661763,177.846919033979,9.2770641746996,17.2139429378153,14.3970667677475,4.19259796065422,22.8133524457128,4.71755575006217e-05,7.22243339040798,1.45615776057397,0.00972077905358192,1.72040469056599,2.58373647485427,2.38960706909406,3.21561875412849,2.10520324564152
10400,186.218653208369,206.482231288475,183.917329614206,9.39073810557098,17.9568893727663,6.88319672955456,44.4412306952381,27.4390048206771,0.0107607715852411,7.95517928789421,1.99330272882325,0.0408314390658952,1.86077946421748,2.62265456998328,2.09143065122716,3.23262324066142,3.53089426034631
10500,190.632753761646,200.798791542822,190.329745734376,142.443691525273,15.5899190581308,16.8570148586096,9.86574776521323,2.61685114764986,15.2234466570431,9.38753251192962,2.64876315768178,0.111535282299389,1.22739585607227,1.52749916895939,2.08830260805201,2.69013880995899,3.5711517145651
10600,192.205436767877,209.168990056009,1e+09,21.4025783956701,6.50116899580501,19.7748358435304,51.0088466187839,3.02666425232194,14.3328783583479,9.45974504381119,0.316437782772031,0.141799657575119,0.0755520379512352,2.73541199496158,2.9336102866117,3.17049659717649,2.42809616155395
10700,207.143986625495,217.004705272311,202.761339746292,147.747323606305,12.7622930341298,21.3661041372449,12.7294072168833,3.72644183517026,0.00127221671299363,0.172964822221488,3.24028939105896,0.505790760312062,0.828316685518435,1.34916237243604,1.97520987971665,1.48583100509758,2.65301065220781
10800,210.541807853199,221.825520883511,198.355012263943,11.5363740460896,13.1972325768758,9.63653399072499,51.2169370429615,32.2200219001651,17.3491983528808,0.00109960770517853,0.160665999691766,0.411305724577762,0.0936248331768838,1.82953131319266,1.56922950016571,2.36458931705655,2.80659429342655
10900,204.636115283402,31.0789725889782,208.015771064881,24.9862239741741,13.7981787224148,93.2059460125497,14.7143774336423,31.5467969920527,0.186861616639049,11.2354863321896,3.69923031172453,0.533185629521099,0.778575896951627,1.49098960900765,1.56173964201237,2.74591454985498,2.31536744850668
11000,209.654407424991,228.236460848745,21.2613515747592,12.1650006812606,15.1955492273441,11.8355707794288,15.4046740564325,2.03568143310659,19.6896203187001,0.0146630274657385,5.02797220426532,0.421413076977759,0.354243567652763,1.00079354498712,1.51378080808794,2.38305857188836,1.70610659648257
11100,209.459879571365,232.084947990964,207.019570727224,163.439181456628,8.93162801501254,97.2054689968257,58.1888697332404,2.44089848833566,0.326403829268571,0.00167698402667058,6.54098602555818,1.03033332487793,0.742750369039905,1.63800694001891,2.33662931223727,1.94534991983518,1.82006468317023
11200,216.975526975305,240.306994045176,212.142545921209,162.200193281222,17.7396900644771,30.2281286324304,58.4225618987298,8.58258827440875,0.35063916218697,0.140213026513799,6.72721375302685,1.63057756508567,0.668234473117292,0.847096256604664,0.759120616106327,1.54765544126934,3.13490762329851
11300,50.430793661152,34.3196544721738,223.385161155881,29.6806368614224,9.21805994856544,29.9130246842043,60.6080004821409,37.2637909033197,25.9377154808466,15.6181289301178,6.97269525512111,1.27262164274349,0.322215939623482,1.32411243401567,0.799913998081829,3.55721579492403,2.44170895499295
11400,222.273655384874,239.640824452131,22.4797455465502,30.9937079524955,19.3402901575428,15.5025536327674,53.0934914904065,12.3297442417305,0.76771893025865,0.0752993054664033,0.105374160785598,1.47903875666152,0.217487553500394,0.913710313077401,2.25542154149365,2.22150365965137,2.26493334673573
11500,42.8288322766156,245.114067587342,229.767834995644,32.0530224043038,31.2492226569589,31.164046757277,24.4110036983183,4.27951260858253,0.79715954177514,15.1148746018266,0.0176368519476577,1.84779206319212,0.000165344141522527,2.00940153683042,1.34101056702104,1.87700978774988,2.06415123652279
11600,50.4342581571466,34.4688986976363,231.108295953007,32.9997570487021,21.3870570631981,38.7531282118396,21.6197411135383,15.3389774073761,31.3837424264114,0.458012172340939,11.0875880545864,2.70410655207122,0.0415685796368788,1.21856233660208,0.855755107658339,0.65778284568959,2.65320584252948
11700,235.829571817172,249.104392834831,24.9612894052759,16.2575602043333,16.2878630593988,40.1813894062135,30.4460995976659,45.1565386236942,1.15447235075689,17.6819728791155,11.2421670413988,2.23958455471016,0.00785003637428667,0.0427599531477545,0.868828279267459,2.17089509369853,1.59025254302191
11800,50.0051340924087,254.926994468125,26.2348988427962,36.4928906383771,154.427656503727,16.2769581240372,68.3344124886937,45.8655499459913,32.0249754358657,17.0462835945344,11.8666199765159,2.53133708180641,0.000208398632036993,0.176662272832118,0.494061447597283,2.10710421007806,0.958701846117282
11900,52.8486021784151,35.7174924369952,25.7794019674114,190.203051629068,13.0040117728816,40.1023277184068,73.2477902202841,19.4033387964965,1.45289170686347,0.164331347794331,0.0822480499095139,3.53048857070936,0.00303869810010601,0.725818703412633,0.49984493055111,0.776746991630524,1.94571713359137
12000,55.0625287821336,272.733691736396,256.79484068742,18.7958121252306,19.7133650917612,42.3482658511779,39.159989620206,45.8404590535291,1.40172133614004,0.38312122452841,12.6644146472723,3.18104882308728,0.00495815842095029,0.271219542605802,0.444533795957889,1.63080454194539,1.2160230638643
12100,57.6266406926288,281.891051116893,252.210342548015,198.783840635824,34.2130240449683,47.2983069154536,43.2144836082218,20.1280823677622,35.9028550082225,1.10750803727369,0.00695026592896188,0.112286469004475,0.3846819175158,0.669783937069483,0.38495138365703,1.12282113451751,0.89894134068227
12200,53.3731358136409,284.816794467257,26.9026989672945,200.119517151332,27.5291821775804,27.1854552735555,44.7031836611325,25.8431938237366,36.703083178151,20.9326424475763,0.00169974285414319,0.306606407903527,0.0242508209463217,0.210821951404377,0.347966301908052,0.482445434112456,2.09498487986031
12300,48.3342260511692,42.0371294039613,257.522950894181,41.1002449131082,29.9658813616933,38.5347618210513,48.8572051122232,30.6994234186948,2.52148934911006,1.65629795099516,0.0429603520046645,0.172943802918001,0.612265370861615,0.332646349498034,0.226392443737484,2.05816761731217,0.619224587575941
12400,52.3366911648997,41.9244246729427,27.4981568388757,20.7880910866218,171.70517909011,39.8336847133882,19.2662538860356,30.8066858139577,38.4969774361027,0.979939798105918,15.9380134916071,5.01367995620989,0.718278126069628,0.895162652320556,0.175986096128922,0.999920101921936,1.98215083517334
12500,51.3163361910416,290.553617306431,263.46653814742,42.253246654666,46.2627722659272,32.5620887938602,90.5309451346175,59.3385645726764,2.71192172423158,23.2745413978139,17.5313338009114,0.00043871111624793,0.19731889717263,0.669955831917286,0.0735556889004905,0.828479385262613,2.08314173684906
12600,55.52043135175,296.478826582904,266.88964373383,21.9743521200934,33.161143979259,62.3072345882043,58.3982356875282,23.1765101680857,1.9207854504803,25.0145444645016,0.166862518369419,5.22529131684447,0.214200551178432,0.0944899391591728,0.159376650662495,0.528591804438202,0.452766468032771
12700,58.0637867669659,303.674214276141,278.242993393886,23.1222649557556,50.1344246633124,139.198266647294,69.1838640860361,23.0025106139086,40.695430677232,25.9512921724855,1.49205043902681,5.53029416895548,1.32328234145994,0.00053776421335789,0.114715256023987,0.0982468309795851,0.557198630636097
12800,61.2197752521209,302.469953614181,280.856489480344,219.00886799223,186.683730456992,71.1657438506044,101.170892743101,48.5484396722525,5.3593544306841,24.8287300450551,18.5816616484801,6.32526082650724,0.130077715247703,0.0659558199508312,0.00312956451146442,0.806796244979917,2.00352965283995
12900,64.4375326407432,303.546650863093,275.510097965894,23.5272005160041,24.0634730336714,72.7444778839454,27.863813654647,51.4371072521637,42.5639011133159,30.3916949504982,0.251378324097444,6.21278512069565,0.20993401287285,0.0117643300388865,1.25151305996691,0.58353085533686,1.31306881397559
13000,61.0374849365762,310.979592451315,275.331580558341,48.7135378162091,41.3684593787576,80.8489584620766,73.8911705501397,58.3506514489407,44.7983581046816,30.0367753752286,2.35912764202257,6.73616202521472,0.622505934755333,0.396946971751658,1.3217995278889,0.101565827842285,1.56536956090563
13100,57.536341178025,317.233714699185,29.0392496892976,229.768900361917,42.5423050521228,153.881549011359,79.1525951385951,3.46181468164489,3.10324979925458,29.9051747751643,20.9492083011487,6.59845871693091,0.437051153994153,0.0807635059303509,0.0390952160631378,0.755504429403163,1.85200623493857
13200,60.5186872386811,318.91737321064,287.426122878305,52.4221587055061,27.7867314989384,91.6053016850004,109.570881457788,28.187809196397,51.8599824766204,34.5516405788013,0.77619237358662,0.413660391170195,0.808321874288049,0.0060832209609134,0.00162073446480133,0.200619903648136,1.29359881307186
13300,62.1578563899115,319.229503152802,288.749848823971,249.763072496567,41.2261467310135,72.2578139907432,91.0104005478512,3.48429925226046,3.85228179269654,35.4739079496116,22.9871816807744,9.07914248024434,0.450389730196101,0.0272678072510118,0.0287582366333757,0.0171213092598452,1.67110169934437
13400,60.355468150951,44.831865359615,295.837177155017,54.3805956768403,66.4156457158957,98.090987193198,112.389527325158,78.1287628439636,54.3169125195001,35.2314910860767,23.1508514821178,0.140224245796223,1.30589928995881,0.265326572042931,0.00250300140536111,0.280845545269806,0.452582567438413
13500,63.7938085755454,323.810543281787,300.792671220001,251.699726158204,69.0521134392617,105.305034866515,96.1156129532983,3.81530340229213,4.0434798273355,5.41524795232298,23.1988921920479,6.93175476271164,0.000382611415123479,0.105468029415217,0.0149856428421194,0.028203054724288,1.69137083678033
13600,65.365637601996,331.566553235528,303.249778529607,30.3688890348367,25.6158337279217,106.920763890701,99.3521703115168,82.7484599891994,55.6201475832223,0.321496104917794,25.6962296810601,0.114269544642148,0.410943191499463,0.244892646947482,0.0455299221757793,0.115478757229748,1.17275373864966
13700,58.9316006830527,329.717693798687,306.376014162989,264.526592285516,55.9766174103658,114.663950079881,102.965454879848,85.0595946568691,60.2356482071977,8.6198212146718,26.6845677080879,9.59844053117685,1.34109050145876,0.065099981395754,0.758664216179921,0.109033563443711,0.0430746467710715
13800,62.9105874754794,332.781306154306,33.2956380842316,64.2454380591757,229.298899455431,72.2427670497933,53.2340960961562,4.38311341594735,13.017060573858,9.5632814377146,25.2778559920653,2.11589980316052,0.0971581799436265,0.048497700325724,0.0319507905994908,5.27698476240886e-05,0.327719468990774
13900,63.9924838060141,335.159076432645,31.6668039413079,268.219030450817,81.9916108591606,119.595659167425,131.382402303663,87.5291752337038,60.5706977202955,38.739601715395,26.880381856597,1.87519214488919,0.269140512578766,0.409836427278822,0.162136902808019,0.0494306362588646,0.852578582926419
14000,66.9952917864505,332.808656027177,34.9233564739546,34.8243770752542,81.7134142928261,128.369981776441,117.661548595462,28.642791953854,13.4439335455044,42.1951412997031,0.798922584879267,12.7983190393385,2.03651522140888,0.003534734578453,1.04761785387958,0.00772291901003651,1.65402069023614
14100,59.9220432248205,337.114889752697,327.883530325589,71.49083907515,88.298466270194,187.408060360512,129.810023021921,94.3281861484714,19.4079048633219,0.391893400650826,28.1637663428456,1.56654462696739,0.349398387189869,0.853172823893981,0.0176766117452694,0.0709028779615655,0.573201813392472
14200,67.0632410778036,350.645356053708,326.818100465544,72.7574497912876,43.3302360871065,189.442870641816,132.539962035856,99.6049348949981,67.9490095386788,12.8108325179994,18.2368721229675,11.5874657736254,0.655806367054904,0.69533871775118,0.431633391373186,0.00915558930646745,0.646362314179282
14300,59.2614563214321,350.635918886775,34.642033373675,75.7237696272772,72.2799322990634,39.0284436208573,148.268857914478,5.15638610155347,9.88548676832466,4.57430845082349,29.7909715826786,13.4941749380394,3.25326900065079,0.379828812445343,0.429353019840149,0.333151396461648,0.103716793093803
14400,56.8952010709097,350.518740365199,335.426454955923,287.571118556287,93.8545400046627,40.3834950770996,156.485448926066,98.5978151432975,69.0704234812569,44.2311013501618,3.56689323178708,2.09144548664539,0.00641138225413028,0.00876404013225207,0.12672817146039,0.877541993630415,0.328832606496248
14500,69.4090424258926,47.0807527960691,36.6913178223227,38.5353063585699,78.5163871646902,160.554860708864,151.170107639119,101.305624566834,10.4201444274453,44.7162160433225,30.1582018927497,14.3022394182123,2.66836394592797,0.991929877962567,0.432868763208543,0.838391275755285,0.0270844079363987
14600,58.106046606827,46.8834504240924,35.4639713192613,302.118985778242,102.863436733174,180.285785157531,154.315491675496,102.834352584449,71.3390907944878,46.9422679739091,0.0038582438010755,14.1294284474163,4.20097190388753,0.123478054614035,0.708622004109972,0.0928162877634844,0.0102797656627244
14700,66.3763488233456,364.170226882098,342.572504223752,307.295714314256,85.4071120481797,174.046902353822,170.360940449849,99.5983448605033,28.2836287548839,48.9379907003237,31.9606195203688,16.6461969218282,5.6830134352704,0.690243184450084,0.840156529832982,0.0249040301377102,1.17902721660342
14800,63.4387257229723,47.2919053402419,41.6558778250337,43.2045964457502,265.27708691205,178.620923195309,163.376571638729,105.720411528704,37.203012788021,23.2961300472493,33.1707278648293,12.5048149976063,3.62155797606598,0.545614082251415,0.753334836491077,0.0192118666419831,1.13539351704497
14900,67.0095472179365,366.14544386715,41.4105002657414,91.569774888463,76.7141681750835,181.211356560626,89.6402259686475,109.909647230684,44.673666715463,6.52951264045543,0.0156945906787021,15.7903033195931,10.162120377207,0.0342314128867076,0.654290350256375,0.0367928523193454,1.27079818026639
15000,65.5636766210442,45.8772862317319,42.2112487320382,47.5960873084348,85.3087134614149,184.340423996686,174.392053230218,106.616598982056,80.9772519761482,52.9161155125611,37.0003824814932,19.7531304539058,4.94634272667245,0.111900516588292,0.440191984685112,0.0665919789521023,0.0276126908434463
15100,64.6295257503972,371.48087095333,352.539835642885,46.32053053209,99.7150276496046,181.203467807887,172.032975487253,71.6583014051737,9.31870771702055,55.3737766253005,10.8297895054651,18.2583661107449,0.247427936650783,0.0900337358265859,0.705745161414111,0.101443804720049,0.0116641643736665
15200,64.5445369748563,376.89850535332,43.5876951870824,102.340957059885,279.952819788793,70.1124436772709,175.759198240816,5.05860898572231,45.0193711381123,56.4138381980687,5.22445474590839,20.4607575322235,2.1891037805465,0.268050500277288,1.89347968991538,0.0295871890794057,1.06657175404154
15300,58.4874535321957,382.131772068432,359.189431982987,48.562728135489,287.00306675258,201.452808620149,170.447956215451,107.509135041289,9.12538263359095,59.229467276128,42.1664796878446,17.226931042739,5.21356892978304,0.131013825844919,0.868221782056297,0.240397402350127,1.06435278414335
15400,61.4819143113041,396.430355656557,375.148609258186,52.88489803434,92.8604448524398,208.077104368024,179.277151720205,113.19973336447,22.8224320193198,58.6994618899519,42.5416464450878,21.7388675835968,3.61783911307132,0.125054550212075,1.76739704509185,0.0982212298044293,0.0590497972192175
15500,58.3355705732457,394.970089026932,372.50938888415,108.274691208268,294.923624173083,201.768840914578,167.942678572303,115.022539717775,88.4554820565362,60.7322316950316,42.781970835154,20.6380813813395,11.0720008470817,0.377144590981283,1.55704419781894,0.153867249272261,0.000164204705606593
15600,57.9084405685592,396.617357263192,47.0327916539864,112.212811312846,68.1991574204892,223.604565805227,184.677907053626,115.712051452707,70.8629819566293,60.6499856181418,41.779089765116,4.99875467083243,11.6760420274108,0.0907746648944036,0.51594518514472,0.250073123091607,0.398921671204733
15700,59.4948230022281,402.163118557451,381.866124473173,117.066398074253,153.901260736027,220.376284463483,188.119736258928,5.88049093626237,29.0376305585193,56.5091515169225,45.96777786114,22.5893572433432,0.0300513426587119,2.12833216603583,1.35059650998561,0.753788747224183,0.827364332168241
15800,65.5922128474307,52.1790906526539,43.5180782221147,361.595511782786,69.372372004666,126.761682595577,189.367758640148,103.79725566486,76.9119211041886,64.3691255063456,46.9002061083462,20.4713201536176,12.6828836644968,1.94183522125907,2.09045201703033,0.369433137260247,0.0292375628579975
15900,64.2673105422156,406.182818290861,394.14408733465,61.4479562003299,313.988421325066,221.565502124945,192.711634409436,125.780775521928,32.3415986637682,65.0529225806036,48.4874094777551,22.5140189203835,7.44757021570339,2.18915570953079,1.82214446279209,0.409544190193415,0.648810100196062
16000,73.5251169246933,55.4721377559613,386.790823757631,61.890781488439,168.824828477276,241.795571963966,194.743286620109,128.71964017315,45.2626364902901,39.9144458676383,6.6652532621224,21.9399604720569,0.177750531079539,2.55581609149962,2.77991869495824,0.396541905933499,0.765732795100166
16100,65.5045314089216,419.952826892925,50.5951545716312,367.760374508266,321.209216141775,251.046714006834,200.066055982561,115.350085589745,92.5827668041862,27.0880022813715,18.324898930339,29.0302650693985,8.90583481358905,0.00209705912735411,2.31329022556371,0.614109514985301,0.716213683786797
16200,66.4540082231444,420.85229446543,55.1861806367228,374.213407333851,173.818771736164,267.223798438396,204.099338393678,6.74337101794434,98.3007032061864,66.9796302579501,49.1937157274359,24.8749885053677,10.3774739251688,4.10994839045848,0.330332710528145,0.709032313589526,0.105582709693833
16300,73.7473611118191,416.433229369591,49.1465336474498,376.857346547813,319.556207189013,255.408586199835,199.47844223619,135.216405068385,94.6155405016713,71.2983338304864,55.0976796380772,22.9746141643449,11.0249786291418,1.33143532139966,3.08345509112989,0.445839140830105,0.553011802728635
16400,65.4080122377028,427.423819731859,49.400078018756,137.067293040719,327.641018718851,265.799652371802,205.603857485041,114.344544380239,95.8839545096445,71.3287599797758,0.0955046650109292,32.0027944408697,9.6754216779019,4.06738266376278,2.83237039734433,0.792200383350408,0.718059474996893
16500,64.195793365227,434.407641791332,409.454749995127,72.5022179631657,193.73374375154,266.992191504768,207.425141861351,133.303456659006,42.1446726821732,69.3900468147765,54.646445067247,32.5931486461195,18.0761267384762,0.965573049120077,0.128584766045909,1.5085257567598,0.270198390377839
16600,65.1901314863808,438.871297933907,419.341080868187,141.240935129011,138.326259087866,269.19958238781,201.839492144786,6.79143709822486,102.621959635523,76.348709989773,54.3947460228413,26.597855979928,0.135903354762016,4.3605172837514,3.54678561101056,0.882886577764503,0.613240595450219
16700,67.4246424718489,61.9133358852694,61.4267901170397,402.193707830658,203.679736930947,283.760634360154,211.826991566172,146.514851626786,42.5523553804023,17.13819817833,52.2377301749598,34.9694923947391,18.9841708432964,1.44465007916867,4.43609518477847,0.59012561531176,0.59497655452661
16800,67.8681661811428,450.265779034142,61.7785217014417,72.5770045291097,128.917481718082,280.16506739964,213.751224515374,7.51966521091959,104.921492437889,77.5074866428877,55.2133675395418,27.7963070485544,0.0282907343744397,4.51540762831499,4.45951643505121,1.10982763360846,0.13749302452058
16900,72.4901692840619,60.8611748068396,64.2687993081212,153.530069949159,176.550914742902,285.685017512987,182.953049044361,142.414530324975,104.716660967337,53.2175744547359,58.5007770053324,28.8049462417889,0.0424533055511802,0.192269756915812,4.30480829980365,0.814139813277203,0.410978210934367
17000,68.9131616647101,63.306574597911,442.974197968532,81.4493728335733,227.497137431671,276.232077145018,218.647116866009,146.106245573447,115.070144652904,77.987979771278,58.5837923656633,29.8806085090053,16.913680548024,5.6629738707472,5.10920862520121,2.67406647043797,0.180731368381026
17100,69.5640094511804,467.242704716291,65.8139081857318,158.832388952238,172.486972483989,281.449585139095,223.705809445511,151.798967955383,113.685518065461,82.7872457181423,64.2058030481074,24.1031911474943,13.2984481167217,4.37701448419379,1.36614575084787,1.36407853957518,0.319503159293171
17200,72.0146028707819,455.777529192104,453.023723334351,85.0937057840883,144.407378554338,293.973807104677,220.086777255706,70.0117658717629,115.870123201972,63.4068831592645,59.5341274016761,37.0867557877856,13.1212580097506,2.40581799873069,5.37285085577378,1.49274557082441,0.326817442292481
17300,69.4034517804665,462.365631580674,454.962704888605,86.9617809589873,233.557293327976,291.602460576249,225.940635454497,156.709238987385,112.174705045595,85.6010971390913,63.046964770263,24.3432832245886,15.6621447914362,5.58311125008365,5.01536044482303,0.867818767720602,0.531447665838218
17400,70.1338307318227,469.061331093845,452.089450690412,87.0404038009007,251.614309491139,296.589273115737,225.483435692338,150.915178396619,53.923897173496,87.8018959843214,0.15547114980256,31.4636406006574,16.3327408854773,7.66665504559225,4.81133879198012,1.72685262390119,0.00302677590208504
17500,70.5821972692657,475.553637924684,73.7551791380428,87.9840431472882,258.890034907565,306.996213874919,231.34631724783,159.718903663607,117.227110278082,69.6664641454779,60.7412395917849,33.2032319582403,0.131950785744081,6.69963545007892,5.14967658580099,1.39419463724163,0.176576761309789
17600,72.1814139067952,465.027118708803,466.376117688741,103.736217856089,268.372213376262,301.588016564054,236.347582460589,157.94060698459,122.34226968643,87.4589008028394,65.704085448776,43.5615408173272,21.3489329279847,1.58488453513869,5.92593339197037,1.84765175480211,1.04767252711795
17700,76.0268710688319,57.6121735839494,474.730828529991,88.7902708372937,265.336029409827,308.166571421101,235.596357411368,161.873649819546,131.175013429991,88.8739306212967,61.2657488241129,34.5880638475457,15.5285512480071,5.97875195742502,5.82468146517302,0.175439161647719,0.721066945753991
17800,76.1942827158026,466.715074590338,70.4291078792194,92.1040964514333,79.0651593552813,312.334263099796,234.506051067363,155.158466038372,125.035172668071,87.7914989583734,67.279105745951,34.4551568555577,0.0460057814873497,2.59912332518901,0.38773127479164,0.99316333542862,1.06729916054516
17900,75.2462808920095,485.44336559414,482.068899019286,446.370149142214,289.283169877487,312.856591452141,241.241647117499,170.035699171562,128.826705979641,90.4678907128557,0.213950137059823,0.193927377736626,29.7355396846247,6.02325419140565,5.65860505765371,0.220304157087824,0.63601018336609
18000,77.6585495321253,480.079666543687,489.725050103424,93.622296469494,280.892904687568,315.031840258318,243.209587189497,172.871404264635,129.862156429577,90.241632045005,67.3203928157806,0.0511401223129225,16.826870596393,7.43341411070712,0.132496725264458,0.478112302483834,1.46864122163299
18100,80.7081473279202,474.19281938209,486.845083606934,456.130164535952,102.074058371237,319.803119525632,218.670430161469,163.088772095941,131.18271622663,92.9789770575477,26.6575413163367,47.7572100741039,0.00804963563240112,2.87504736336646,6.5393825093813,2.01363829833867,0.00128492556861464
18200,80.5069696648671,67.5971049842931,84.0749851826679,458.313756384598,295.81732203941,319.833154199173,247.321104825185,173.06316635863,135.661958996244,97.7654362852705,70.4229221674817,39.3010962091185,0.223324092913691,7.61064522845917,0.0865828205517458,2.63951539003027,0.849856468679046
18300,83.7135954247917,65.5713688047725,86.5600518092514,125.399693622063,312.374714265264,323.349541931735,245.644617953603,178.499431140515,130.806978371558,97.7122096610461,75.1280087879363,42.7795605923707,20.9316126604239,3.61829973103361,6.75409963135385,3.07195120768705,0.00932329565571352
18400,85.0583211246469,485.380173767616,501.056135983631,101.756373236439,303.36570472362,328.798202643993,161.212139485241,180.722752929201,142.847932786151,98.4692964395431,72.7070108466417,14.919281565063,0.0161316752977623,2.23695143909914,0.272500160892447,3.12945404551985,1.28761488501663
18500,84.002001831651,500.031658081223,83.4077121976102,101.743462636617,397.827596253457,327.64918255822,257.827211906194,181.180076174726,144.242808195542,98.9239483648773,73.9139772471729,41.7137832472152,17.93996802064,8.04557776151638,7.40860458658772,3.34963306034832,1.12746116551772
18600,85.2003306232216,496.737106976059,500.705744887121,461.575002022142,319.765160271401,82.6880235562942,258.973575138665,189.653360230892,140.10396692661,92.2117601109307,78.00539811038,42.0322880406033,29.2918162107907,9.36620371074603,8.2166149753159,1.65963282481468,0.960447180354611
18700,86.6772559870694,499.211012911673,503.036704293582,469.487954330677,154.409604880827,338.019180859315,253.402815617849,181.658563215535,140.564897895859,102.278686950488,76.4425419910864,44.9854067607045,34.7334388603942,6.02810503430646,0.0198685148884756,3.49575157015098,1.43865255087645
18800,89.343983802443,65.9447247103316,81.2894756795352,237.868388629333,175.278840038575,291.522405895286,260.078037577606,13.3482899736982,144.728121407109,110.076890245687,75.7412966685189,44.6154739091303,20.1678537202882,5.96369703317205,9.45006514438712,2.99429085095138,1.56100991525529
18900,91.9180796411013,65.808054221372,89.3276052099591,128.228699472878,180.35576127801,312.994807221707,192.01731840848,192.780821518986,146.018849182745,108.824219113852,80.9676793187614,49.1880340814919,33.9198515636334,10.9481745264793,9.45273265646013,3.75273185976737,0.00345878853189596
19000,90.6772985769691,510.189538788655,92.1510404054755,136.092332105866,81.4726429618549,313.112203595584,270.228320006726,14.1935944729556,157.429721164911,107.353091357546,81.4187420006254,51.1065036230077,27.5951316430441,11.1454894279714,9.54141884896953,4.51808638101572,0.673334019205407
19100,97.2276083507299,513.753618587122,83.3488987943016,243.694433583311,428.538479244323,310.616318821427,262.141771910278,197.47627719771,150.656807176188,110.807739901795,90.3121408619185,55.2861794958621,23.1475560000948,5.47148514643092,10.127936723707,4.54864037336839,2.00387425805061
19200,96.6045153253272,522.577212884399,524.867203468637,60.318622174165,89.4317375335964,173.851743477192,45.3283292081588,15.8904245153539,151.19250439654,35.0857580735415,84.5574192365678,50.5365591413542,21.8210790046478,13.5636488519171,10.9101424235363,4.07374663128753,0.478194387319381
19300,96.9193635079479,512.06809755352,102.403550684129,491.054775631382,107.788086982632,320.620311536446,268.681454949994,206.693608413603,156.222976278567,36.7259920334362,86.7920071977234,56.0097775947338,8.55033061780278,9.38382721111448,10.5927960665826,1.97817303494605,0.646014610582929
19400,95.9308519013762,73.8849767244892,530.940902554169,258.880440904675,377.128714054403,331.776036973531,255.822075812822,213.341133732646,161.587456415161,113.444599921143,91.1800397926327,0.19136146766694,0.13628035142447,4.23749111312982,11.6860697077752,5.45218409610763,0.656533680628957
19500,104.699250737313,522.250659689231,99.7067310025222,495.374627998762,221.356419251371,339.899146645487,277.18743494634,88.1005166243772,85.4499367572201,120.862939121499,88.2168516075339,53.9718006731404,26.6671410666064,11.2673423759266,12.0036445259093,5.79622554364718,2.86156045309796
19600,96.3561966317924,533.711028137479,546.323580682181,66.8354839626795,153.166130438456,359.352143323637,283.92165473437,223.007777776066,159.066372274689,118.005165598408,89.0319556259265,57.0947913176293,31.6995117103856,11.9649501443804,10.3989572310674,0.0245044964521911,2.02863152378424
19700,97.2339605156005,78.6046482014497,99.3086915742959,69.804710259629,214.316826136751,362.587770829117,286.351365253951,220.554226572246,20.8085296982959,122.257139014522,95.4940685704546,52.8076027373218,9.70851789968834,7.15894481424249,0.0602922664350033,0.394563678290598,1.82432604135171
19800,96.3221839704823,78.2962925644066,98.1868538440429,71.1258162147458,241.516246632881,353.80088667403,283.070095116475,220.07671214535,172.656363678655,119.276155902884,94.0136624106179,60.7679477227339,0.65702003721279,13.9861230885771,13.1363653551227,4.25827228312744,2.56987545353886
19900,100.555794989322,79.8127032091101,556.898826554737,70.2655596460492,448.42884070614,191.780078523594,291.188488413646,229.99535340938,54.6848250965596,121.784294670343,91.9211474383285,56.9641853836786,27.0867718267652,0.0221713634630736,11.9816027374326,5.66686876635441,0.576995054289822
20000,101.878665084191,81.9104366933114,100.775244129415,79.8777795787817,203.911635310182,369.005176615794,295.65558916721,224.162097070308,90.6210300322709,105.516064812398,0.40986881671582,0.215348908206035,22.9640303879848,9.13232176758494,11.5204457753816,5.10482853485861,3.43172426456239
20100,106.467887520068,78.7611376772592,106.29215629441,83.5386168894749,256.697952141415,378.21062740788,301.130700234468,22.1290048231942,54.0467541032277,126.330074831806,95.8264069846442,59.7266731590426,41.6232937753033,14.4073992491245,12.2096047375059,0.00229680357901679,0.639595060343866
20200,96.6128867710116,548.55616576883,561.18520984429,74.8123967896923,250.05950310603,376.653258373372,301.202721442669,225.918428520976,178.329090538745,127.898316000961,100.5989653698,61.109947481053,0.330199727906883,12.2504313422822,0.177627268953585,5.76629421282398,1.75236696649761
20300,107.964249819584,555.946166702036,101.100305669619,296.943160607827,456.177667288122,380.743944417047,309.022372084119,22.3503656407179,180.804319070888,130.265952446695,101.071677435936,62.4761907888591,0.934398570414815,15.605800714069,0.0448748173534398,0.291675504827066,2.36604554096799
20400,101.133772140178,558.176612536253,105.415757841163,524.665958689554,260.252366335098,389.62033313998,307.116480046979,235.798674475129,179.09732865925,126.064645609578,101.757407634518,63.2626210475907,0.316111697769278,10.3233408054009,11.5086913226877,6.0347598672491,0.5970684518093
20500,109.415349121119,77.264511512424,574.76197762885,90.0621683555698,260.40391548384,332.616625509377,319.81831376697,240.090952438869,179.439665424342,132.115699872052,102.963739041162,66.3910566241697,40.9193586967831,14.357854846102,0.0292082609968815,6.08966815769197,3.03834203145158
20600,107.710132956256,85.3871801307838,106.491364061375,81.3301678925544,208.493161604779,394.635657146339,320.864348447718,238.14225520688,181.833584608988,132.267505042309,97.5151221934536,63.9726397518856,34.1384658438324,12.2279595553813,17.3897970204014,0.000188878857711813,0.579427464264333
20700,117.481953991383,577.202777308827,105.014560151738,536.736321344495,270.86435958636,390.215777719928,314.496115970475,24.0635640004111,178.799686138273,53.4988858320084,115.796862398759,64.7520025883765,33.6172401066779,8.57246372469792,15.6000740671112,6.16900854724032,2.74061489752729
20800,126.367160783309,77.832562114858,107.31120184297,81.1492032327453,468.692074288219,399.18415453584,325.227228793087,243.831191793893,182.757215427027,115.589861658114,114.392151292273,46.0021869680396,30.7497553825315,17.7162656806417,13.7345806609971,5.18370641140273,3.34497523450933
20900,110.830619702156,91.7485543305015,584.395139598497,88.1828049816321,337.293764601695,399.069330374538,322.20811408481,24.9472064903848,187.19195788844,135.900770998625,11.2315495491288,64.7625856659689,0.467481625762329,16.2675521854764,13.4874520783785,3.75112907512449,0.595458291217758
21000,109.232055744823,579.987546174844,111.437481436581,90.1954295500737,322.112142770546,320.616003801863,80.4881379749724,235.519871955525,189.568748036291,40.4038093463836,111.220553537211,1.31769345867454,33.9060282327636,2.4992172954053,16.528553762794,6.8118742157327,0.0335188108854802
21100,122.032110253526,585.152379410442,591.460474731824,97.8623660333368,333.178783114609,413.024887995234,332.215202039145,250.293156263437,190.42788211769,138.611264471721,0.600916606166672,78.9656555332595,50.3015773334908,11.058348546866,17.0218220743896,6.06440301259928,3.25412824796672
21200,123.036092932797,91.1979898087949,119.576205020406,91.0023700076558,484.67221428576,406.961581310982,331.334737657202,246.672593263285,190.623964336896,137.484134997879,103.796098572509,69.7952130694944,37.9221587481494,14.2510893664598,17.3609891164434,3.92636536625004,4.07201559220065
21300,135.116995395965,89.7262416541796,597.912433130774,90.4381327787227,491.44561788863,420.401647714367,340.047707582189,248.520215175976,194.27063378018,55.0335366470689,113.719621333256,68.8680697041757,14.8306109905902,16.2769827608617,18.8031571297006,8.05905434386125,2.63678312788896
21400,139.363234461958,93.6938959657559,114.603045146722,331.969524248828,336.096269035253,423.840023008795,338.085042217339,250.831248734634,198.833510352846,55.911205676907,117.22865276851,65.6960692636876,41.1072962445725,16.552746415073,14.5351882752073,7.7209850713412,3.07309670237588
21500,120.454455050036,107.494062638863,618.201791699852,104.249136785252,497.701900153438,421.656095276408,329.65291595095,250.316331058902,198.379518084671,145.981852132716,115.2209588953,82.6158870630064,39.3842887639778,19.2364978501323,0.127254572575862,7.31484837716431,3.8922327086081
21600,135.033979845287,598.347988430012,618.102400145738,337.458853950643,193.505078339948,422.167227701006,341.851306074938,260.092303563908,199.053695928504,153.77205634284,119.406936632791,79.5386156871181,0.00359574012458824,18.4357856148788,15.9369775009755,6.46210445346006,2.5703674716167
21700,122.362499437521,592.556467313818,614.81989360921,334.971724544816,503.919003486398,428.946997383084,341.035072242747,257.833375606823,204.341674580857,48.5583991826399,126.514729686886,73.1622219158845,19.9873235413531,16.9579177655796,15.9563862674686,7.27169240432374,0.189545219800459
21800,126.013614861066,89.1195827434186,128.207696010533,566.613096517231,396.586237632566,427.691856832401,344.872313688329,259.85973105964,205.682904968947,152.891638481561,129.208775331219,19.8805519980041,36.8154586072217,18.431180520063,16.4405662267415,8.14456750475361,2.66809682789489
21900,142.26650961447,610.094157414597,620.706584538971,100.14262320601,397.866161899692,435.322106364695,346.717162692155,263.540563269606,205.943432676344,151.131040199868,125.454949943261,83.1834884860701,39.1755506073494,18.8927160906345,16.2652601289147,8.2508278494508,4.64629687289272
22000,147.015372841771,97.8549711828234,624.019943222582,572.083178435803,396.510568721217,439.564591036143,351.647235996603,268.142822319393,212.807060169717,154.905487876119,126.538614689705,86.3075733072694,57.1209210757728,17.5688833805328,17.7761345781338,8.17933071210587,5.00294956479029
22100,151.020422028624,101.108610998216,121.862668007654,115.033210429869,389.085433966958,444.330668265359,356.718249252134,272.330648159219,219.287065035219,81.7759344569684,128.163406725159,76.8226367020398,42.7472596396117,18.2491351664182,19.9480188440507,9.91768744494389,0.497107818226417
22200,153.570116694782,614.452648556764,109.760301398115,103.686171747209,402.897050812046,440.714973423994,354.410910582296,274.291122262417,215.533076284481,157.001882089523,126.817555818237,78.0763875528638,39.8160666665747,20.6963940196125,0.0110658757213364,9.43437793706505,5.32981668505134
22300,158.620035559095,601.941482395377,125.240267236107,106.32268902214,406.079228576777,442.816589109462,355.471063068989,31.48313839539,217.704685618061,163.771857297861,126.987895609231,23.9804029484713,33.1595988426945,14.9945841346351,16.9490538975448,9.9854780121464,0.343168654853767
22400,147.766405818391,613.629757857036,122.661652691034,119.871045142291,465.329541149912,457.31431373675,362.506547120291,271.789722061968,129.698395247375,164.278507731917,117.281799723023,75.4758598145652,57.2698458998094,21.5189258419883,7.40720778271707,7.43307579059995,3.00601017612164
22500,152.115763787439,610.932276345601,127.447454861547,351.001919106593,434.951265929995,461.111955760836,364.414185350335,31.0008199804272,224.087476519565,89.0273551154722,129.008039222657,84.0987434242434,0.714100963313035,20.1450128099168,0.162674226618408,10.3269956634245,0.142219659087453
22600,163.534133181025,86.9077787157603,128.034119663258,106.217367722751,454.26772109304,455.570762694185,367.72462665263,82.1858991347739,97.9027250168172,156.60687686217,136.866399386932,80.0442251707933,61.9084069385108,19.953791778693,18.1846604083781,8.83581316875374,0.0693471436288273
22700,159.927069803344,102.086201867453,129.438388858465,591.231016380384,257.039615250378,463.125360950741,367.759612277451,290.521235789574,138.578128390965,80.0418986153055,132.482684306572,84.4856133689981,58.5506214193253,20.5644836093162,16.9017807437249,10.4160894197519,3.31137513605141
22800,157.140324869702,632.897107869601,130.673017464786,591.572450691998,469.882262172142,474.992433355242,369.637696117854,283.144116014481,233.849042237083,172.632402729309,136.244379446499,81.3452477620279,23.7592626542752,18.0235146105154,20.9434181625744,7.28778853513272,5.9543249941648
22900,153.115818204145,631.533137746891,129.223802266803,351.017571768867,507.870806157521,469.039499332701,204.003372595501,289.910923465569,230.226970208836,171.811104871532,136.80431591417,87.1916320840513,1.60308468789932,21.1900133468848,18.680036208515,13.1535576546228,4.00475485700318
23000,155.954240751499,106.669408115632,129.575105065881,124.725333940141,550.722363947115,468.289396505136,373.61536816464,30.9951313162477,233.932033563108,169.982476555886,12.1573516301037,87.109785104655,66.2604006131607,22.1915978728393,0.311103979526675,10.5197295545168,0.35088570363854
23100,155.437029085167,105.377168357839,130.904781177974,193.379976943337,489.720560949088,470.355226158723,383.414841942286,301.029975537162,235.652890234832,174.918840635966,134.664135241086,74.3218984973644,43.3296648874449,20.8839611398554,17.6837591536071,12.5930390481095,5.2661567474186
23200,169.430839750931,92.6358382831855,131.100750915357,190.457530360671,473.571080092098,472.988506043713,389.170241275722,296.314158263905,225.919281969981,176.408550402451,103.798303197401,84.6262517223239,0.83360582168229,24.763758592779,23.4494702073255,12.2062335452048,0.380303792590714
23300,173.374996084886,91.9926412710557,134.490131731391,131.609544403101,496.609658327348,481.829833933378,388.540259456411,94.3654467946402,235.431788279505,179.022803901672,127.774739180338,86.3787417367457,47.9474111704003,21.9561638734169,24.1684062458804,12.4321434414999,3.25864617337586
23400,169.841363422769,101.411351065853,81.4972515211167,122.904382915627,502.037384100627,487.734748643412,390.338225136011,302.198453685119,145.877421157256,180.291089352623,141.49548253436,82.4444465310362,44.5592446566157,1.61538189197552,21.1045677937183,13.6996907246741,4.73615862796345
23500,170.977290753686,94.8752390900582,83.4706765293588,134.015769493774,307.25906964132,481.37952251302,385.668424531932,299.308623680266,234.878520557264,174.996787404885,131.283237576172,90.9225807796588,1.66421445915882,23.8072348342416,22.8492761131171,13.8088501474691,6.03114657564281
23600,169.225736536033,106.639928132577,659.412926333984,633.46614649755,506.742674259891,478.363868918799,394.739975934459,301.806683857959,240.563255503245,85.4622411929781,129.790612767776,84.4982295808021,66.7181879110755,22.6723156896905,24.844975058505,10.9348747542804,5.25710489324781
23700,169.901009514849,648.203131374101,140.680632350444,213.659481270169,320.114341562231,488.409049245963,397.92626955432,307.994315771086,236.533816836968,190.794580651412,145.928586044982,87.2837566180207,46.9265559746225,7.93805713654056,23.8967954246649,6.09819437896688,3.68143960776657
23800,175.916239439738,107.23176884329,150.136502836125,140.796050433515,519.936706529108,487.15690428716,411.746415490521,321.025971559679,244.630626397721,181.278968783706,140.320314996981,95.2062605115085,0.607363061003483,20.3326934897924,22.1834338599826,14.4558313337808,0.044353113288367
23900,184.612750562612,104.152939182638,671.197987772533,148.346431880306,354.828974188908,488.415811393888,394.708221248481,28.6505116879986,8.25018534516141,182.735850021985,147.901523814549,88.6729661957097,53.3880907095152,2.01236824486731,25.7194787254923,13.9611642046124,0.29011892119983
24000,185.816871868857,103.033645943271,679.196611961332,150.47128887328,343.027772703976,494.054352838817,405.575138259966,313.201459201174,254.263245147493,182.353298879646,146.111542381456,86.8497027845112,48.6563358794359,0.124092052131653,1.14219732387536,13.9092910574006,7.0726801256911
24100,188.714503707574,650.762135391579,87.4996759349569,226.147653545901,539.813903474235,492.388265571127,409.079223128043,325.054763227988,247.37924783178,186.909878886684,130.029003631503,88.8618454709118,0.583955466491592,0.125093699784551,26.1558702903666,0.30354217562236,4.6231694370623
24200,192.041897287496,158.3400579315,160.694910670387,231.013972919454,591.044533358652,507.380641237559,413.923639127761,328.817320104007,237.23831167373,190.646900475246,151.006079070613,101.534652558218,18.3473148017042,28.5255342206585,22.4132353662659,15.1103340927678,6.18171886123977
24300,198.996459900293,102.334557544704,162.094811277059,654.874253739693,569.381245121314,498.632127077926,400.865892252329,94.9905329880113,257.274817727527,194.817243921097,141.204703441607,99.6332671996588,52.7859496332673,31.8804069549801,25.9761603758929,13.4965286320461,4.67056107380444
24400,196.171628685642,107.876380456835,167.097672356359,157.441016434486,583.072982772287,500.548996698902,415.325388376722,89.3686828178014,120.542709426232,192.727978949221,148.710860703643,40.7734372310818,45.9609524060966,33.5765201186966,24.515801259931,12.1449303132033,5.92530522119142
24500,198.357783430842,106.84722450577,704.552672244204,165.819488337583,594.019214244365,510.000099497054,407.716803829558,322.73373284082,266.775776127823,202.866503270017,131.242502307604,90.5512168773969,44.7774818786282,28.0531593556434,27.2384930767903,15.6376194147021,7.1132753610243
24600,207.220893876178,677.411153513846,173.105067061336,658.493920897764,547.231514799275,501.593566479787,422.46455031695,336.541368213338,255.3506587721,194.967020501078,148.621054147647,89.602447525164,68.7947732016026,28.342339538168,22.8001427662315,15.8375096373937,0.407525520405011
24700,214.724497275266,671.100719898414,171.982994915612,162.227501881659,592.370240575589,503.873033096651,424.102472387327,329.363332667913,139.874038661413,195.983166835722,150.386158415392,100.708646716449,73.2760235574493,27.1425400544606,23.2525825683102,16.179666798114,1.37249379704776
24800,214.093296765559,112.815956393538,710.338467256943,174.500046187184,590.817095709183,511.793767205859,424.158984680184,336.662056346698,267.547994310887,203.265039710343,149.015103223835,95.1263453466876,53.16019910978,29.2548265044849,30.6495039081802,18.9531356184528,4.43333612705538
24900,221.41208144284,110.195161172847,175.009193013299,273.191111726901,577.229318925039,516.422130444787,418.333927022957,27.3301740074529,266.99523868352,193.888564774508,150.935968287088,91.6985565812236,53.6292575064997,30.7462259029799,24.6061845852035,18.4050923865005,9.7616694928786
25000,239.543095281802,668.287692078967,93.852615731275,168.128844618121,604.672325488524,519.608787978872,433.290802189544,342.823600486153,271.495683155228,197.826183608947,143.397313790557,31.6839267211268,0.0992767750321487,28.0697277422014,22.9502744048826,18.1263173940592,7.9850589177341
